<?xml version="1.0" encoding="UTF-8"?>
<jcr:root xmlns:sling="http://sling.apache.org/jcr/sling/1.0" xmlns:cq="http://www.day.com/jcr/cq/1.0" xmlns:jcr="http://www.jcp.org/jcr/1.0" xmlns:nt="http://www.jcp.org/jcr/nt/1.0"
    jcr:primaryType="nt:unstructured"
    jcr:title="Multifield "
    sling:resourceType="cq/gui/components/authoring/dialog">
    <content
        jcr:primaryType="nt:unstructured"
        sling:resourceType="granite/ui/components/foundation/container">
        <layout
            jcr:primaryType="nt:unstructured"
            sling:resourceType="granite/ui/components/foundation/layouts/tab"
            type="nav"/>
        <items jcr:primaryType="nt:unstructured">
            <configuration
                jcr:primaryType="nt:unstructured"
                jcr:title="Link Configuration"
                sling:resourceType="granite/ui/components/foundation/section">
                <layout
                    jcr:primaryType="nt:unstructured"
                    sling:resourceType="granite/ui/components/foundation/layouts/fixedcolumns"/>
                <items jcr:primaryType="nt:unstructured">
                    <column
                        jcr:primaryType="nt:unstructured"
                        sling:resourceType="granite/ui/components/foundation/container">
                        <items jcr:primaryType="nt:unstructured">
                            <fieldset
                                jcr:primaryType="nt:unstructured"
                                jcr:title="Links"
                                sling:resourceType="granite/ui/components/foundation/form/fieldset">
                                <layout
                                    jcr:primaryType="nt:unstructured"
                                    sling:resourceType="granite/ui/components/foundation/layouts/fixedcolumns"/>
                                <items jcr:primaryType="nt:unstructured">
                                    <column
                                        jcr:primaryType="nt:unstructured"
                                        sling:resourceType="granite/ui/components/foundation/container">
                                        <items jcr:primaryType="nt:unstructured">
                                            <tabs
                                                jcr:primaryType="nt:unstructured"
                                                sling:resourceType="granite/ui/components/foundation/form/multifield"
                                                class="full-width"
                                                composite="{Boolean}true"
                                                fieldDescription="Click '+' to add a new page">
                                                <field
                                                    jcr:primaryType="nt:unstructured"
                                                    sling:resourceType="granite/ui/components/foundation/form/fieldset"
                                                    acs-commons-nested=""
                                                    name="./linkMultifield">
                                                    <layout
                                                        jcr:primaryType="nt:unstructured"
                                                        sling:resourceType="granite/ui/components/foundation/layouts/fixedcolumns"
                                                        method="absolute"/>
                                                    <items jcr:primaryType="nt:unstructured">
                                                        <column
                                                            jcr:primaryType="nt:unstructured"
                                                            sling:resourceType="granite/ui/components/foundation/container">
                                                            <items jcr:primaryType="nt:unstructured">
                                                                <linktitle
                                                                    jcr:primaryType="nt:unstructured"
                                                                    sling:resourceType="granite/ui/components/foundation/form/textfield"
                                                                    fieldLable="link title"
                                                                    name="./linktitle"
                                                                    rootpath="/content"/>
                                                                <linkpath
                                                                    jcr:primaryType="nt:unstructured"
                                                                    sling:resourceType="granite/ui/components/foundation/form/pathbrowser"
                                                                    fieldLable="link path"
                                                                    name="./linkpath"/>
                                                            </items>
                                                        </column>
                                                    </items>
                                                </field>
                                            </tabs>
                                        </items>
                                    </column>
                                </items>
                            </fieldset>
                        </items>
                    </column>
                </items>
            </configuration>
        </items>
    </content>
</jcr:root>
