<?xml version="1.0" encoding="UTF-8"?>
<jcr:root xmlns:sling="http://sling.apache.org/jcr/sling/1.0" xmlns:cq="http://www.day.com/jcr/cq/1.0" xmlns:jcr="http://www.jcp.org/jcr/1.0" xmlns:nt="http://www.jcp.org/jcr/nt/1.0"
    jcr:primaryType="nt:unstructured"
    jcr:title="Image Field"
    sling:resourceType="cq/gui/components/authoring/dialog"
    helpPath="https://www.adobe.com/go/aem6_5_docs_component_en#Title - HTL">
    <content
        jcr:primaryType="nt:unstructured"
        sling:resourceType="granite/ui/components/foundation/container">
        <layout
            jcr:primaryType="nt:unstructured"
            sling:resourceType="granite/ui/components/foundation/layouts/fixedcolumns"
            margin="{Boolean}false"/>
        <items jcr:primaryType="nt:unstructured">
            <column
                jcr:primaryType="nt:unstructured"
                sling:resourceType="granite/ui/components/foundation/container">
                <items jcr:primaryType="nt:unstructured">
                    <title
                        jcr:primaryType="nt:unstructured"
                        sling:resourceType="granite/ui/components/foundation/form/textfield"
                        fieldDescription="Leave empty to use the page title."
                        fieldLabel="Title"
                        name="./jcr:title"/>
                    <type
                        jcr:primaryType="nt:unstructured"
                        sling:resourceType="granite/ui/components/foundation/form/select"
                        fieldLabel="Image Size"
                        name="./type">
                        <items jcr:primaryType="nt:unstructured">
                            <h1
                                jcr:primaryType="nt:unstructured"
                                text="Large"
                                value="h1"/>
                            <h2
                                jcr:primaryType="nt:unstructured"
                                text="Medium"
                                value="h2"/>
                            <h3
                                jcr:primaryType="nt:unstructured"
                                text="Small"
                                value="h3"/>
                        </items>
                    </type>
                    <file
                        jcr:primaryType="nt:unstructured"
                        sling:resourceType="cq/gui/components/authoring/dialog/fileupload"
                        autoStart="{Boolean}false"
                        class="cq-droptarget"
                        fieldLabel="Image asset"
                        fileNameParameter="./fileName"
                        fileReferenceParameter="./fileReference"
                        mimeTypes="[image]"
                        multiple="{Boolean}false"
                        name="./file"
                        title="Upload Image Asset"
                        uploadUrl="${suffix.path}"
                        useHTML5="{Boolean}true"/>
                    <textfield
                        jcr:primaryType="nt:unstructured"
                        sling:resourceType="granite/ui/components/foundation/form/textfield"
                        fieldDescription="Leave empty to use the page title."
                        fieldLabel="Textfield"
                        name="./textfield"/>
                </items>
            </column>
        </items>
    </content>
</jcr:root>
